{"_timestamp":1.7295467212714913e+09,"Epoch":200,"Highest reward":-2.3730993736718804,"Qnet2 average loss":0.010127334172526996,"Actor average loss":3.1071619923909504,"Average return":-6.256551739368131,"Qnet1 average loss":0.009931263849139213,"_runtime":1120.1971793,"_wandb":{"runtime":1120},"_step":199}