{"_runtime":202.4797272,"Epoch":100,"Qnet1 average loss":0.0043703681963961575,"Qnet2 average loss":0.004179272765759379,"_step":99,"Actor average loss":3.0178624391555786,"Average return":-6.4067306413657725,"_timestamp":1.7292884484055107e+09,"_wandb":{"runtime":202}}