{"Average return":-6.502812121424472,"_runtime":667.9795519,"Qnet2 average loss":0.0008264078103093198,"_step":49,"_wandb":{"runtime":667},"_timestamp":1.729172373327263e+09,"Epoch":50,"Qnet1 average loss":0.0010440015714266338,"Actor average loss":3.046511702537537}