{"_step":199,"Average return":-6.238679698933122,"Qnet1 average loss":0.01971044552822908,"Actor average loss":3.0739510345458982,"_wandb":{"runtime":1143},"Qnet2 average loss":0.01939347336689631,"_timestamp":1.7296194591362169e+09,"Highest reward":-1.3180229686167328,"Epoch":200,"_runtime":1142.9201588}