{"_step":199,"Actor average loss":3.110044116973877,"Qnet2 average loss":0.009812057291467984,"Average return":-5.605531763299109,"Epoch":200,"_timestamp":1.729589810402381e+09,"Qnet1 average loss":0.010362070314586162,"_wandb":{"runtime":1118},"_runtime":1118.0012638,"Highest reward":-0.09818814133930423}