{"_wandb":{"runtime":684},"Qnet1 average loss":0.007301908450317569,"_step":49,"Qnet2 average loss":0.0078102018992649395,"Epoch":50,"_timestamp":1.729195681896991e+09,"Average return":-8.173720799907452,"Actor average loss":3.0834558153152467,"_runtime":684.9373774}