{"Average return":-7.487937738334437,"Actor average loss":3.1601788012186685,"_wandb":{"runtime":2914},"Highest reward":-1.7280678054459953,"_runtime":2914.5925492,"Qnet1 average loss":0.0014308597752824427,"_step":499,"Epoch":500,"_timestamp":1.729634942486619e+09,"Qnet2 average loss":0.0014505100684861342}