{"_step":99,"Qnet1 average loss":1.9724187070131303,"Average return":-7.736283690906739,"_runtime":1535.5327569,"Highest reward":-1.310683799594393,"Epoch":100,"Actor average loss":6.843069243431091,"_wandb":{"runtime":1535},"_timestamp":1.729679488663845e+09,"Qnet2 average loss":1.9693755530565977}