{"_runtime":235.658055,"Qnet1 average loss":0.0044159379694610834,"_step":99,"_wandb":{"runtime":235},"_timestamp":1.7292888977537694e+09,"Epoch":100,"Qnet2 average loss":0.004040506854653359,"Average return":-7.215443930564884,"Actor average loss":3.1701739692687987}