{"_step":49,"Average return":-6.034756379274135,"Qnet1 average loss":0.015034204120747746,"_wandb":{"runtime":754},"Qnet2 average loss":0.014895857209339738,"_runtime":754.6834032,"_timestamp":1.7292696814985776e+09,"Epoch":50,"Actor average loss":3.0554655480384825}