{"Actor average loss":3.1277378892898557,"_runtime":854.1822233,"Epoch":50,"Qnet1 average loss":0.012542477599345148,"Qnet2 average loss":0.01296650199452415,"Average return":-8.173720799907452,"_step":49,"_wandb":{"runtime":854},"_timestamp":1.7290305122792606e+09}