{"Qnet2 average loss":0.007613187248352915,"Epoch":500,"_timestamp":1.7293542527920423e+09,"_wandb":{"runtime":1494},"Actor average loss":3.0216294884681703,"Average return":-6.225062131518424,"Qnet1 average loss":0.007634691684506834,"_step":499,"_runtime":1494.2436819,"Highest reward":-2.29576451846465}