{"_runtime":1118.3564115,"Actor average loss":3.128734957377116,"_wandb":{"runtime":1118},"_step":199,"Qnet1 average loss":0.017942611488203208,"Average return":-6.123149327452617,"Epoch":200,"Highest reward":-1.775377077490018,"_timestamp":1.729545596488788e+09,"Qnet2 average loss":0.017677187559505304}