{"_timestamp":1.7290060977452493e+09,"Epoch":50,"Average return":-6.659786437366464,"_wandb":{"runtime":689},"_runtime":689.5864026,"Qnet2 average loss":2.1421800265323904e+18,"_step":49,"Qnet1 average loss":2.3811665644157824e+18,"Actor average loss":-1.57787403392e+09}