{"_step":499,"_timestamp":1.7293641104773664e+09,"Epoch":500,"Highest reward":-2.445242254885618,"_wandb":{"runtime":1400},"Qnet1 average loss":0.019125927169807256,"Average return":-6.005004280811974,"_runtime":1400.1937135,"Actor average loss":3.065272271633148,"Qnet2 average loss":0.019532111776061355}