{"_runtime":664.3110446,"Epoch":50,"Average return":-6.922905582146786,"Actor average loss":3.0735524797439577,"_wandb":{"runtime":664},"_timestamp":1.7291750652157297e+09,"Qnet2 average loss":0.005330757126503158,"_step":49,"Qnet1 average loss":0.004987891422933899}