{"Actor average loss":3.064324414730072,"Average return":-6.218925583216144,"_wandb":{"runtime":736},"_runtime":736.637122,"Qnet2 average loss":0.0028568506614828947,"_timestamp":1.7291845664339948e+09,"Epoch":50,"Qnet1 average loss":0.0020932611101306974,"_step":49}