{"Average return":-7.8586821342962185,"_step":99,"Actor average loss":7.768995099067688,"Qnet2 average loss":2.2620538154616954,"Highest reward":-2.9645192995254286,"_timestamp":1.7296809799394968e+09,"Epoch":100,"Qnet1 average loss":2.2803432086110114,"_wandb":{"runtime":1484},"_runtime":1484.7394306}