{"Qnet1 average loss":0.022453239560127257,"_runtime":1179.3981919,"Qnet2 average loss":0.02039039820432663,"Average return":-7.542010366206528,"_wandb":{"runtime":1179},"Epoch":800,"Highest reward":-1.835358669087413,"_step":799,"_timestamp":1.7296271721780171e+09,"Actor average loss":2.932665023803711}