{"Average return":-6.394458339696331,"_wandb":{"runtime":1172},"Qnet1 average loss":0.021094983120759327,"_timestamp":1.729630689850828e+09,"Highest reward":-1.8051263912077018,"_runtime":1172.3402292,"Actor average loss":2.9275748189290365,"Qnet2 average loss":0.020963719288508098,"_step":799,"Epoch":800}