{"Qnet1 average loss":0.0032538588574971073,"Average return":-6.62974735513885,"Qnet2 average loss":0.004123086204053834,"_wandb":{"runtime":684},"Epoch":50,"_step":49,"_runtime":684.512393,"Actor average loss":3.0246432781219483,"_timestamp":1.7291823885587375e+09}