{"Qnet2 average loss":0.012255486936774104,"Actor average loss":2.939716532230377,"Qnet1 average loss":0.008071916131302714,"Average return":-6.645841997319549,"_wandb":{"runtime":272},"Epoch":100,"_step":99,"_timestamp":1.7292852305096147e+09,"_runtime":272.5697455}