{"Average return":-8.173720799907452,"Epoch":100,"Actor average loss":3.057527084350586,"_timestamp":1.7292870160592837e+09,"_wandb":{"runtime":1486},"Qnet1 average loss":0.007853164177504368,"_step":99,"Qnet2 average loss":0.007978134401491843,"_runtime":1486.4684059}