{"Actor average loss":3.076901333332062,"Qnet1 average loss":0.013850213647820055,"Average return":-7.86946859808554,"_timestamp":1.7292791976587548e+09,"_runtime":722.9379349,"_step":49,"Epoch":50,"_wandb":{"runtime":722},"Qnet2 average loss":0.014056688781129196}