{"Qnet1 average loss":0.004041208882699721,"Actor average loss":3.0231180119514467,"_timestamp":1.7291942981341944e+09,"Average return":-6.672320757933781,"_runtime":686.9426291,"_step":49,"Epoch":50,"Qnet2 average loss":0.003012130299175624,"_wandb":{"runtime":686}}