{"Actor average loss":3.0541164970397947,"Average return":-5.755503762966306,"_timestamp":1.7293425158091881e+09,"Qnet2 average loss":0.013001729217357934,"_step":99,"_runtime":9395.9353858,"Qnet1 average loss":0.01531512857414782,"_wandb":{"runtime":9395},"Epoch":100}