{"_runtime":1624.0589381,"Epoch":100,"Qnet1 average loss":0.012451338465325534,"_step":99,"_wandb":{"runtime":1624},"Qnet2 average loss":0.012173958057537675,"Average return":-5.773889156313368,"_timestamp":1.7293331152199368e+09,"Actor average loss":3.0480021381378175}