{"Qnet2 average loss":0.003524549551657401,"_timestamp":1.7292747983699872e+09,"_step":49,"Qnet1 average loss":0.0036064716026885436,"Average return":-6.793815011316051,"_wandb":{"runtime":703},"_runtime":703.446303,"Epoch":50,"Actor average loss":3.024864065647125}