{"_wandb":{"runtime":277},"Qnet2 average loss":0.0024681215512100604,"_step":99,"Qnet1 average loss":0.0025902161019621416,"Actor average loss":3.0033250808715817,"Average return":-6.596804476730918,"Epoch":100,"_runtime":277.6472594,"_timestamp":1.7292855169815853e+09}