{"Qnet1 average loss":0.0023016464772808833,"Qnet2 average loss":0.0030797698053356727,"Average return":-6.644797467433806,"_step":49,"Actor average loss":3.0315706872940065,"_wandb":{"runtime":686},"_timestamp":1.7291859614332535e+09,"Epoch":50,"_runtime":686.6401789}