{"_wandb":{"runtime":780},"Qnet2 average loss":0.021220754738897084,"_timestamp":1.7292689205515618e+09,"Epoch":50,"Qnet1 average loss":0.020039764661341906,"Average return":-6.386559917527141,"_runtime":780.4894999,"Actor average loss":3.071538870334625,"_step":49}