{"_timestamp":1.7293439404363704e+09,"Actor average loss":3.005947060585022,"Qnet2 average loss":0.047968597561120985,"_runtime":1421.0218615,"Qnet1 average loss":0.055330649260431526,"_wandb":{"runtime":1421},"_step":99,"Average return":-6.1879901092232465,"Epoch":100}