{"Actor average loss":3.067338192462921,"_wandb":{"runtime":1578},"_timestamp":1.7293828176739428e+09,"Qnet2 average loss":0.018575538787990807,"_step":499,"Qnet1 average loss":0.01872441344894469,"Average return":-6.081709924929777,"_runtime":1577.8826922,"Epoch":500,"Highest reward":-2.3892617073962166}