{"_step":49,"_wandb":{"runtime":763},"Qnet1 average loss":0.005617316404823214,"_runtime":763.9763232,"Average return":-6.213431834020229,"Epoch":50,"Qnet2 average loss":0.005151651996420696,"Actor average loss":3.0226565527915956,"_timestamp":1.7292652196558647e+09}