{"Qnet1 average loss":2.011756816760832e+13,"Average return":-6.659786437366464,"_runtime":726.6945797,"Actor average loss":-4.74454998e+06,"_timestamp":1.72902793913121e+09,"_step":49,"Epoch":50,"Qnet2 average loss":1.233271708975104e+13,"_wandb":{"runtime":726}}