{"_wandb":{"runtime":734},"Actor average loss":3.0507022547721863,"Epoch":50,"Qnet1 average loss":0.004249845405574888,"_runtime":734.0627394,"_step":49,"Average return":-6.803569668116467,"_timestamp":1.7292726621683426e+09,"Qnet2 average loss":0.004895781747763977}