{"Average return":-7.32978180751374,"Qnet1 average loss":0.016585951956609887,"_timestamp":1.7295444701775312e+09,"Actor average loss":3.0812968317667644,"Highest reward":-1.1861984835780433,"Epoch":200,"_wandb":{"runtime":1166},"Qnet2 average loss":0.017131727623442807,"_runtime":1165.9754581,"_step":199}