{"Qnet2 average loss":0.0015530372221837752,"_step":49,"Average return":-6.405812455106167,"Epoch":50,"Actor average loss":3.049488089084625,"_wandb":{"runtime":682},"_timestamp":1.7291887393043468e+09,"Qnet1 average loss":0.0012928980162541849,"_runtime":682.9897494}