{"Qnet2 average loss":0.006384982726885937,"Average return":-8.173720799907452,"Actor average loss":3.1035191583633424,"Epoch":50,"_step":49,"_runtime":672.8995956,"Qnet1 average loss":0.007789740461739711,"_wandb":{"runtime":672},"_timestamp":1.7291716998387465e+09}