{"Actor average loss":3.052168114185333,"Qnet2 average loss":0.007809391380869783,"Qnet1 average loss":0.007592463112086989,"_step":49,"Epoch":50,"Average return":-8.173720799907452,"_runtime":733.0564531,"_timestamp":1.7291838192528539e+09,"_wandb":{"runtime":733}}