{"_runtime":665.1837035,"_timestamp":1.7290074482944994e+09,"_step":49,"Actor average loss":-1.78290844875e+06,"Qnet2 average loss":1.7242640089088e+12,"Average return":-6.659786437366464,"Epoch":50,"_wandb":{"runtime":665},"Qnet1 average loss":2.69268783792128e+12}