{"Qnet1 average loss":1.5770114978030323,"_wandb":{"runtime":1400},"Epoch":100,"Highest reward":-2.583970455060064,"_step":99,"Actor average loss":6.147046127319336,"Average return":-6.7047679188002745,"_timestamp":1.7296826044552097e+09,"Qnet2 average loss":1.565855447165668,"_runtime":1399.8697541}