{"Average return":-5.470399163513618,"_timestamp":1.7292704233252141e+09,"Actor average loss":3.042639422416687,"_step":49,"_runtime":728.4857656,"Epoch":50,"Qnet1 average loss":0.011443107719533146,"_wandb":{"runtime":728},"Qnet2 average loss":0.011259475322440267}