{"Qnet1 average loss":0.019355846295754115,"_wandb":{"runtime":28286},"Actor average loss":3.1533864021301268,"_timestamp":1.7296693932195697e+09,"_runtime":28286.0873031,"Qnet2 average loss":0.019705072976648808,"_step":499,"Highest reward":-1.6365742188013965,"Average return":-7.47491804500691,"Epoch":500}