{"_timestamp":1.7296840382092052e+09,"Qnet1 average loss":2.253824548497796,"_wandb":{"runtime":1429},"Actor average loss":7.084508719444275,"_runtime":1429.6183513,"Average return":-6.283636737516455,"_step":99,"Epoch":100,"Highest reward":-0.43780179730213037,"Qnet2 average loss":2.223466265387833}