{"_timestamp":1.7292769525858152e+09,"Epoch":50,"_runtime":709.4254832,"_step":49,"_wandb":{"runtime":709},"Actor average loss":3.0792703676223754,"Qnet2 average loss":0.012769130947999656,"Average return":-5.821757609895757,"Qnet1 average loss":0.0134049178508576}