{"Qnet2 average loss":0.002182010136311874,"Qnet1 average loss":0.004167018429143354,"_wandb":{"runtime":209},"_runtime":209.3540942,"_step":99,"Epoch":100,"Average return":-5.766478078700048,"_timestamp":1.7292872312307346e+09,"Actor average loss":3.0278788089752195}