{"Actor average loss":-1.059177108125e+06,"Qnet2 average loss":6.6985961979904e+11,"_timestamp":1.7290054005232956e+09,"Average return":-6.659786437366464,"_step":49,"Qnet1 average loss":1.02109087694848e+12,"Epoch":50,"_wandb":{"runtime":689},"_runtime":689.7905597}