{"Qnet1 average loss":0.01117682427400723,"Average return":-8.173720799907452,"_step":49,"_runtime":905.5508908,"Qnet2 average loss":0.0064111402595881375,"Epoch":50,"Actor average loss":3.0973088788986205,"_timestamp":1.729031426746123e+09,"_wandb":{"runtime":905}}