{"Qnet1 average loss":0.008023465352598578,"_step":99,"_wandb":{"runtime":386},"Average return":-6.356734628197465,"_timestamp":1.7292876232525208e+09,"_runtime":386.5825479,"Qnet2 average loss":0.01832509658415802,"Actor average loss":3.023643300533295,"Epoch":100}