{"Qnet2 average loss":0.013356339633464814,"Epoch":800,"Qnet1 average loss":0.012583740005890529,"_step":799,"_runtime":1167.299164,"Average return":-5.331501095229341,"Actor average loss":2.9695189158121744,"Highest reward":-0.302298248607794,"_wandb":{"runtime":1167},"_timestamp":1.729628345387456e+09}