{"_runtime":1258.7049131,"Average return":-7.54701408935531,"_wandb":{"runtime":1258},"Qnet2 average loss":0.014789112682143847,"Highest reward":-1.8459144624865618,"_step":199,"Epoch":200,"Qnet1 average loss":0.015528040273735921,"_timestamp":1.7296212079331777e+09,"Actor average loss":3.1550713411966957}