{"Actor average loss":3.029503197669983,"_runtime":751.5992083,"Qnet2 average loss":0.0022058712525176816,"Average return":-6.722246284314779,"Qnet1 average loss":0.0025865408807294443,"_timestamp":1.7292673272540765e+09,"_wandb":{"runtime":751},"_step":49,"Epoch":50}