{"Epoch":50,"Average return":-6.559864171986095,"Actor average loss":3.021129562854767,"_wandb":{"runtime":795},"_timestamp":1.7292681274123847e+09,"Qnet2 average loss":0.0022517052837065423,"_runtime":795.0978312,"_step":49,"Qnet1 average loss":0.002932406514592003}