{"Epoch":50,"Average return":-5.292750221545084,"Qnet1 average loss":0.010442802030593158,"_step":49,"Qnet2 average loss":0.007143335912842303,"Actor average loss":3.071863005161285,"_wandb":{"runtime":702},"_timestamp":1.7291695795625708e+09,"_runtime":702.9374257}