{"_timestamp":1.7293300486014001e+09,"_wandb":{"runtime":1436},"Qnet2 average loss":0.0008956004556966945,"Average return":-5.7605763950713005,"Qnet1 average loss":0.0008881267234391999,"Actor average loss":3.0581890964508056,"Epoch":100,"_step":99,"_runtime":1436.9887697}