{"_runtime":2676.9522873,"Highest reward":-2.964797270797411,"Epoch":500,"_wandb":{"runtime":2677},"Qnet1 average loss":0.02009177560607592,"Average return":-6.739962805116003,"Qnet2 average loss":0.019877386142810184,"Actor average loss":3.1499674224853518,"_timestamp":1.729638393448514e+09,"_step":499}