{"Qnet1 average loss":0.003224231421481818,"_runtime":724.1239318,"Actor average loss":3.023366253376007,"Average return":-6.53250947297306,"_timestamp":1.7292755288062975e+09,"Epoch":50,"_step":49,"_wandb":{"runtime":724},"Qnet2 average loss":0.0032705740377423353}