{"Qnet2 average loss":0.0014808773499680682,"_runtime":663.5678636,"_wandb":{"runtime":663},"Qnet1 average loss":0.001627123274083715,"_step":49,"_timestamp":1.729177085458511e+09,"Actor average loss":3.0138940167427064,"Average return":-6.680625776667304,"Epoch":50}