{"Actor average loss":3.0598130345344545,"Average return":-5.735462761633905,"_step":49,"_wandb":{"runtime":174},"Qnet1 average loss":0.018280094186775387,"_timestamp":1.72952319423988e+09,"Highest reward":-0.8860822437883814,"Qnet2 average loss":0.018276758235879244,"_runtime":174.5298515,"Epoch":50}