{"Epoch":50,"_timestamp":1.7292615785421815e+09,"_wandb":{"runtime":727},"Qnet2 average loss":0.003938626020681113,"_runtime":727.8871918,"Average return":-6.564718637229714,"_step":49,"Qnet1 average loss":0.001967432948295027,"Actor average loss":3.0428554368019105}