{"_runtime":235.755431,"_step":99,"Qnet1 average loss":0.0067139625083655115,"Actor average loss":3.1422967147827148,"Average return":-6.646050977464346,"_timestamp":1.729288239606501e+09,"Epoch":100,"Qnet2 average loss":0.007542897816747427,"_wandb":{"runtime":235}}