{"Average return":-6.741552671965957,"Qnet1 average loss":0.010644728431943805,"_runtime":27509.4801574,"Qnet2 average loss":0.01040774306282401,"_step":99,"_timestamp":1.7293215000872293e+09,"Epoch":100,"_wandb":{"runtime":27509},"Actor average loss":3.0550342059135436}