{"Epoch":50,"_timestamp":1.7291743879423246e+09,"_wandb":{"runtime":667},"Qnet2 average loss":0.00919782514392864,"Average return":-5.288981718775201,"_step":49,"Actor average loss":3.0825952792167666,"_runtime":666.9989045,"Qnet1 average loss":0.009652031790465117}