{"Epoch":50,"_runtime":666.9666451,"_timestamp":1.7291730452188532e+09,"_step":49,"_wandb":{"runtime":666},"Qnet2 average loss":0.0027110874014033472,"Average return":-5.773606194809145,"Actor average loss":3.071222999095917,"Qnet1 average loss":0.0027695290015253703}