{"Qnet1 average loss":2.08279666163712e+13,"Qnet2 average loss":1.363759782690816e+13,"Actor average loss":-4.855022715e+06,"_timestamp":1.7290286747728078e+09,"Epoch":50,"Average return":-6.659786437366464,"_step":49,"_runtime":728.7328854,"_wandb":{"runtime":728}}