{"_timestamp":1.7291921894890404e+09,"_step":49,"Average return":-6.643367618148221,"Epoch":50,"Actor average loss":3.0432843947410584,"_wandb":{"runtime":691},"Qnet2 average loss":0.004838521571364254,"_runtime":691.739584,"Qnet1 average loss":0.005556486232671886}