{"Qnet2 average loss":0.005669341920292936,"_wandb":{"runtime":666},"_step":49,"Qnet1 average loss":0.005969965566764586,"Average return":-7.68633195782275,"_timestamp":1.7291757381338437e+09,"_runtime":666.0375182,"Epoch":50,"Actor average loss":3.080614583492279}