{"_runtime":655.616865,"_step":49,"Qnet1 average loss":0.020257801979314535,"_wandb":{"runtime":655},"Qnet2 average loss":0.011642802245914937,"Actor average loss":3.1317435479164124,"Average return":-8.173720799907452,"_timestamp":1.7290335833010442e+09,"Epoch":50}