{"_wandb":{"runtime":1351},"Qnet2 average loss":1.6795138066262008,"_runtime":1351.0924553,"Actor average loss":6.843219828605652,"_step":99,"_timestamp":1.7296853943159258e+09,"Average return":-7.892742358895759,"Qnet1 average loss":1.685224241539836,"Highest reward":-0.8099647557631099,"Epoch":100}