{"Actor average loss":3.191442265510559,"Qnet2 average loss":0.015176763064227999,"Qnet1 average loss":0.016104097424540668,"_wandb":{"runtime":656},"_step":49,"_runtime":656.2714872,"_timestamp":1.7290329217497582e+09,"Epoch":50,"Average return":-8.173720799907452}