{"Epoch":50,"Qnet2 average loss":0.004691612754832022,"_wandb":{"runtime":693},"_step":49,"Qnet1 average loss":0.005820374173345045,"Average return":-6.486655035509013,"Actor average loss":3.0338803577423095,"_timestamp":1.7292740897868226e+09,"_runtime":693.5470145}