{"Qnet2 average loss":0.008947994851041585,"Qnet1 average loss":0.008423187083099037,"_wandb":{"runtime":1627},"Epoch":500,"_step":499,"Average return":-6.285107697284653,"Actor average loss":3.0232690811157226,"Highest reward":-0.8838722363611528,"_timestamp":1.7295270245310476e+09,"_runtime":1627.6351566}