{"Qnet2 average loss":0.0003961851222751041,"_step":199,"Highest reward":-1.74747803086398,"Actor average loss":3.1036947631835936,"_wandb":{"runtime":1105},"Epoch":200,"Qnet1 average loss":0.0010931427122462386,"_timestamp":1.7296247398755093e+09,"_runtime":1104.918628,"Average return":-6.122517026784782}