{"Qnet1 average loss":0.01769106509629637,"Qnet2 average loss":0.01765912279020995,"Actor average loss":3.0828099608421327,"_wandb":{"runtime":1441},"Epoch":100,"_timestamp":1.729328604212467e+09,"Average return":-5.8235724171953915,"_runtime":1441.4678989,"_step":99}