{"_runtime":369.9397547,"Qnet1 average loss":0.0023762748949229715,"Qnet2 average loss":0.01369610498775728,"_wandb":{"runtime":369},"_step":99,"Epoch":100,"Average return":-7.02155417416504,"Actor average loss":2.9789593195915223,"_timestamp":1.72928799946124e+09}