{"Qnet1 average loss":0.012425950390752404,"_step":49,"_wandb":{"runtime":765},"Actor average loss":3.040426769256592,"Qnet2 average loss":0.013261592271737755,"Average return":-5.5079358154346565,"_runtime":765.0641152,"Epoch":50,"_timestamp":1.7292644493275037e+09}