{"_timestamp":1.7292762382699053e+09,"Average return":-5.903399290812827,"Epoch":50,"_runtime":703.671278,"_wandb":{"runtime":703},"Qnet2 average loss":0.0032761634991038593,"_step":49,"Qnet1 average loss":0.004115160608198494,"Actor average loss":3.040285449028015}