{"Qnet1 average loss":0.004298351859906688,"_runtime":685.4385123,"_wandb":{"runtime":685},"Qnet2 average loss":0.003928120901109651,"Average return":-6.506160112304347,"_timestamp":1.7291949888770607e+09,"Actor average loss":3.040119469165802,"Epoch":50,"_step":49}