{"Average return":-6.365184218637513,"_timestamp":1.7296776728184874e+09,"Highest reward":-2.9661841419284003,"Qnet1 average loss":1.79830676516518,"Epoch":100,"Actor average loss":6.309438714981079,"Qnet2 average loss":1.8089647543989122,"_runtime":1331.594252,"_wandb":{"runtime":1331},"_step":99}