{"Highest reward":-1.6152141770115733,"Epoch":500,"Qnet1 average loss":0.017536962358281016,"_runtime":1399.355124,"_wandb":{"runtime":1399},"Actor average loss":3.034705936908722,"Average return":-5.970122977613068,"Qnet2 average loss":0.0177614547079429,"_step":499,"_timestamp":1.729358489564042e+09}