{"Qnet2 average loss":0.011336187372216954,"Average return":-6.271052475516652,"_wandb":{"runtime":700},"_runtime":700.1748047,"_timestamp":1.729185270516609e+09,"Qnet1 average loss":0.010624698641477153,"Actor average loss":3.057404201030731,"_step":49,"Epoch":50}