{"_runtime":1125.6219403,"Qnet1 average loss":0.003264252945470313,"Average return":-6.191404116407777,"Epoch":200,"Actor average loss":3.1194606081644696,"Qnet2 average loss":0.003045791213711103,"Highest reward":-2.128700818065267,"_wandb":{"runtime":1125},"_timestamp":1.7295877533185995e+09,"_step":199}