{"_timestamp":1.7292733913389876e+09,"Epoch":50,"Qnet2 average loss":0.012487784915138037,"Average return":-8.173720799907452,"_runtime":720.3684317,"_step":49,"_wandb":{"runtime":720},"Qnet1 average loss":0.012362371222116053,"Actor average loss":3.093216133117676}