{"_timestamp":1.729288654492669e+09,"Qnet1 average loss":0.007673808420076966,"Actor average loss":3.051572299003601,"Epoch":100,"_step":99,"_wandb":{"runtime":193},"_runtime":193.4180506,"Qnet2 average loss":0.006479447451420128,"Average return":-6.838036283648617}