{"_wandb":{"runtime":1704},"Actor average loss":3.070987660884857,"_timestamp":1.7292939858973615e+09,"Epoch":100,"Qnet2 average loss":0.010243828605744056,"_runtime":1704.5983744,"Qnet1 average loss":0.011188783429679461,"Average return":-8.173720799907452,"_step":99}