{"Highest reward":-2.966092257471502,"Epoch":500,"_timestamp":1.7296411034863167e+09,"Qnet1 average loss":0.017285217816631,"Qnet2 average loss":0.016939209823807082,"_wandb":{"runtime":2702},"_step":499,"_runtime":2702.7628548,"Actor average loss":3.1755693626403807,"Average return":-7.593104870697612}