{"Average return":-6.194341607299923,"_timestamp":1.7291873535242047e+09,"Qnet1 average loss":0.0023570580400701147,"Qnet2 average loss":0.002166402230941458,"_runtime":680.7575109,"Actor average loss":3.0500714802742004,"_step":49,"Epoch":50,"_wandb":{"runtime":680}}