{"Qnet1 average loss":0.001899618793540867,"_timestamp":1.7291914910754626e+09,"_step":49,"Qnet2 average loss":0.0012030542331922334,"_wandb":{"runtime":682},"Average return":-6.6771215914182855,"_runtime":682.3657885,"Epoch":50,"Actor average loss":3.0187077355384826}