{"_runtime":1449.283335,"Average return":-6.035358735620533,"Actor average loss":3.0457836031913756,"Epoch":500,"Qnet1 average loss":0.028729191841557623,"_wandb":{"runtime":1449},"Qnet2 average loss":0.02566018619108945,"_step":499,"_timestamp":1.7293512857377205e+09,"Highest reward":-2.3238093449750856}