{"Actor average loss":3.040250334739685,"Epoch":50,"Average return":-6.742122351964327,"_runtime":747.2589613,"Qnet2 average loss":0.01355440485989675,"_timestamp":1.7292784709261565e+09,"_step":49,"Qnet1 average loss":0.01393025562632829,"_wandb":{"runtime":747}}