{"_step":49,"_wandb":{"runtime":702},"Actor average loss":3.0834007358551023,"_runtime":702.1798912,"Qnet2 average loss":0.006264369841082953,"Epoch":50,"Qnet1 average loss":0.006223994210013188,"Average return":-5.250532461550716,"_timestamp":1.7291929044027777e+09}