{"Average return":-6.659786437366464,"Epoch":50,"_wandb":{"runtime":64461},"_runtime":64461.9012246,"Qnet1 average loss":0.004566169146564789,"Qnet2 average loss":0.0032380592514527962,"Actor average loss":3.021153335571289,"_timestamp":1.729260842245565e+09,"_step":49}