{"Epoch":100,"_runtime":1467.3211894,"Actor average loss":3.079505293369293,"Average return":-9.100869632170069,"_wandb":{"runtime":1467},"_timestamp":1.7292922764817908e+09,"Qnet2 average loss":0.028653941741213204,"Qnet1 average loss":0.028637154009193182,"_step":99}