{"Actor average loss":412644.50875,"_wandb":{"runtime":671},"Qnet1 average loss":1.54750246191104e+12,"Qnet2 average loss":1.8840285773824e+12,"Epoch":50,"Average return":-8.173720799907452,"_step":49,"_runtime":671.716326,"_timestamp":1.729006773091622e+09}