{"Highest reward":-1.4303546290933724,"_timestamp":1.7296881130056453e+09,"_runtime":1356.3880884,"Actor average loss":7.175941276550293,"Epoch":100,"Qnet1 average loss":1.7558916768059134,"Qnet2 average loss":1.747390686236322,"_wandb":{"runtime":1356},"_step":99,"Average return":-8.02770214412847}