{"Qnet1 average loss":0.007483174898079596,"_wandb":{"runtime":684},"_step":49,"Epoch":50,"_timestamp":1.7291963737021596e+09,"Average return":-8.173720799907452,"Qnet2 average loss":0.007891982982982881,"Actor average loss":3.1044119715690615,"_runtime":684.1869175}