{"_wandb":{"runtime":758},"_step":49,"Qnet2 average loss":0.004162634459789843,"Epoch":50,"_timestamp":1.7292777171544187e+09,"_runtime":758.8293939,"Qnet1 average loss":0.004888715614215471,"Actor average loss":3.077817533016205,"Average return":-4.8549381604349495}