{"Qnet1 average loss":0.016443529184907674,"Actor average loss":3.0652763986587526,"_timestamp":1.7292711329488018e+09,"Qnet2 average loss":0.015640426657628267,"Epoch":50,"Average return":-7.630477656242728,"_step":49,"_wandb":{"runtime":704},"_runtime":704.8370328}