{"_wandb":{"runtime":665},"_timestamp":1.7291764092049623e+09,"Qnet2 average loss":0.0028046083750086835,"Qnet1 average loss":0.002308488282287726,"_step":49,"Average return":-6.651740137329344,"Actor average loss":3.0215076994895935,"Epoch":50,"_runtime":665.5757986}