{"Actor average loss":3.0677051663398744,"Highest reward":-2.474014775936458,"_timestamp":1.7293556720076332e+09,"_step":499,"_wandb":{"runtime":1415},"Average return":-6.096204979654241,"Qnet2 average loss":0.019703481113538146,"_runtime":1415.6208718,"Epoch":500,"Qnet1 average loss":0.019480955018661917}