{"_timestamp":1.7293314849587233e+09,"Qnet1 average loss":0.0012940766158862972,"Epoch":100,"Qnet2 average loss":0.0013220715560601094,"Average return":-6.141742718984358,"_step":99,"_wandb":{"runtime":1429},"Actor average loss":3.0179079961776734,"_runtime":1429.5843758}