{"_wandb":{"runtime":714},"Qnet2 average loss":0.0045465081505244595,"Actor average loss":3.050721971988678,"_step":49,"Epoch":50,"Qnet1 average loss":0.004162063064868562,"_timestamp":1.7292665688651752e+09,"_runtime":714.4665882,"Average return":-6.427025904335299}