{"Qnet1 average loss":0.019500648556277155,"Actor average loss":3.058261251449585,"Qnet2 average loss":0.019626678433269262,"Average return":-5.398318431066162,"Highest reward":-0.46249857347551515,"_wandb":{"runtime":1440},"_timestamp":1.7295299936070766e+09,"Epoch":500,"_step":499,"_runtime":1440.3429467}