{"Qnet2 average loss":8.597794366106392,"Epoch":100,"Average return":-8.074406447249654,"_runtime":1349.0295474,"_wandb":{"runtime":1349},"_step":99,"Highest reward":-1.67635268719853,"Qnet1 average loss":8.571750878244638,"Actor average loss":7.377463669776916,"_timestamp":1.729686748899818e+09}